scenario,strategy,incremental_payers,incremental_30d_revenue,existing_ref_obligation,new_cash_rewards,free_access_infra,server_cost,external_prizes,opportunity_cost,cannibalized_revenue,fraud_reserve,baseline_commission_savings,baseline_reward_subsidy,net_incremental_contribution,break_even_incremental_payers,max_additional_reward_budget_at_$2_margin,cash_release_existing_liability
pessimistic,Текущие 20%,0.0,0.0,0.0,0.0,0.0,0.0,0.0,0.0,0.0,0.0,0.0,0.0,0.0,0.0,0.0,0.0
base,Текущие 20%,0.0,0.0,0.0,0.0,0.0,0.0,0.0,0.0,0.0,0.0,0.0,0.0,0.0,0.0,0.0,0.0
aggressive,Текущие 20%,0.0,0.0,0.0,0.0,0.0,0.0,0.0,0.0,0.0,0.0,0.0,0.0,0.0,0.0,0.0,0.0
pessimistic,"20%, вывод от $3",1.75,12.215,2.443,0.0,0.0,0.42,0.0,0.0,0.0,0.0,0.0,0.0,9.352,0.0,5.852,50.0
base,"20%, вывод от $3",4.2,29.316000000000003,5.863200000000001,0.0,0.0,0.504,0.0,0.0,0.0,0.0,0.0,0.0,22.948800000000002,0.0,14.548800000000002,150.0
aggressive,"20%, вывод от $3",7.0,48.86,9.772,0.0,0.0,0.35000000000000003,0.0,0.0,0.0,0.0,0.0,0.0,38.738,0.0,24.738,300.0
pessimistic,20% + мгновенная трата в VPN,3.5,24.43,4.886,0.0,0.0,0.84,0.0,0.0,10.0,0.0,0.0,0.0,8.704,1.87125748502994,11.704,0.0
base,20% + мгновенная трата в VPN,8.75,61.075,12.215000000000002,0.0,0.0,1.05,0.0,0.0,25.0,0.0,0.0,0.0,22.810000000000002,4.575402635431917,30.310000000000002,0.0
aggressive,20% + мгновенная трата в VPN,14.0,97.72,19.544,0.0,0.0,0.7000000000000001,0.0,0.0,50.0,0.0,0.0,0.0,27.476,9.035056017347307,49.476,0.0
pessimistic,7 дней рефереру вместо денег,2.8000000000000003,19.544000000000004,0.0,0.0,2.1167999999999996,0.672,0.0,27.6066,0.0,0.0,48.86000000000001,27.521666666666665,38.008600000000015,-3.584065841778177,13.272000000000002,0.0
base,7 дней рефереру вместо денег,7.0,48.86,0.0,0.0,1.176,0.84,0.0,15.337,0.0,0.0,48.86000000000001,13.76083333333333,80.367,-5.427566299837634,34.019999999999996,0.0
aggressive,7 дней рефереру вместо денег,12.25,85.50500000000001,0.0,0.0,0.55125,0.6125,0.0,8.6270625,0.0,0.0,48.86000000000001,6.798749999999998,124.57418750000002,-6.2444790854767485,60.39250000000001,0.0
pessimistic,3 активных = бесплатный VPN,1.75,12.215,2.443,0.0,0.0,0.42,0.0,0.0,36.3,0.0,0.0,0.0,-26.947999999999997,6.792664670658682,5.852,0.0
base,3 активных = бесплатный VPN,5.25,36.645,7.329000000000001,0.0,0.0,0.63,0.0,0.0,36.3,0.0,0.0,0.0,-7.613999999999994,6.643484626647144,18.186000000000003,0.0
aggressive,3 активных = бесплатный VPN,10.5,73.29,14.658000000000001,0.0,0.0,0.525,0.0,0.0,36.3,0.0,0.0,0.0,21.80700000000001,6.559450668594144,37.107000000000006,0.0
pessimistic,Выбор: деньги или VPN,3.5,24.43,4.886,0.0,0.0,0.84,0.0,0.0,8.0,0.0,0.0,0.0,10.704,1.497005988023952,11.704,0.0
base,Выбор: деньги или VPN,7.0,48.86,9.772,0.0,0.0,0.84,0.0,0.0,20.0,0.0,0.0,0.0,18.247999999999998,3.660322108345534,24.247999999999998,0.0
aggressive,Выбор: деньги или VPN,12.25,85.50500000000001,17.101000000000003,0.0,0.0,0.6125,0.0,0.0,40.0,0.0,0.0,0.0,27.791500000000013,7.228044813877845,43.29150000000001,0.0
pessimistic,20% + 7 дней другу после оплаты,4.2,29.316000000000003,5.863200000000001,0.0,2.1952,1.008,0.0,28.629066666666667,0.0,0.0,0.0,27.521666666666665,-8.379466666666662,6.038543114166605,14.044800000000004,0.0
base,20% + 7 дней другу после оплаты,9.8,68.40400000000001,13.680800000000003,0.0,1.2544,1.176,0.0,16.359466666666666,0.0,0.0,0.0,13.760833333333332,35.93333333333334,2.7137222678718156,33.9472,0.0
aggressive,20% + 7 дней другу после оплаты,17.5,122.15,24.430000000000003,0.0,0.6125,0.875,0.0,9.585624999999999,0.0,0.0,0.0,6.798749999999999,86.64687500000001,1.2732337656257313,61.845,0.0
pessimistic,30-дневный referral-спринт,5.25,36.645,7.329000000000001,0.0,4.508,1.26,10.0,58.79183333333334,0.0,0.0,0.0,55.04333333333334,-45.243833333333335,17.24677390843203,17.556,0.0
base,30-дневный referral-спринт,12.25,85.50500000000001,17.101000000000003,0.0,2.646,1.47,20.0,34.50825,0.0,0.0,0.0,27.52166666666666,9.779750000000014,10.15926744103185,42.43400000000001,0.0
aggressive,30-дневный referral-спринт,21.0,146.58,29.316000000000003,0.0,1.3066666666666669,1.05,30.0,20.449333333333335,0.0,0.0,0.0,13.597500000000004,64.45800000000001,8.472937518219805,74.21400000000001,0.0
pessimistic,Розыгрыш среди оплативших друзей,4.2,29.316000000000003,5.863200000000001,0.0,0.0,1.008,50.0,0.0,0.0,4.469056,0.0,0.0,-32.024255999999994,9.3562874251497,14.044800000000004,0.0
base,Розыгрыш среди оплативших друзей,10.5,73.29,14.658000000000001,0.0,0.0,1.26,75.0,0.0,0.0,7.17264,0.0,0.0,-24.800639999999994,13.726207906295754,36.37200000000001,0.0
aggressive,Розыгрыш среди оплативших друзей,21.0,146.58,29.316000000000003,0.0,0.0,1.05,100.0,0.0,0.0,10.34528,0.0,0.0,5.868720000000012,18.070112034694613,74.21400000000001,0.0
pessimistic,Игра + фиксированный магазин,3.5,24.43,4.886,15.4,0.0,0.84,0.0,0.0,0.0,1.0143000000000002,0.0,14.0,2.2897,2.8317152103559873,11.704,0.0
base,Игра + фиксированный магазин,10.5,73.29,14.658000000000001,18.2,0.0,1.26,25.0,0.0,0.0,2.8929000000000005,0.0,14.0,11.279100000000003,7.701421800947867,36.37200000000001,0.0
aggressive,Игра + фиксированный магазин,21.0,146.58,29.316000000000003,22.400000000000002,0.0,1.05,50.0,0.0,0.0,5.085800000000001,0.0,14.000000000000002,38.72820000000001,12.46591351772497,74.21400000000001,0.0
pessimistic,Игра + случайные ценные призы,5.25,36.645,7.329000000000001,20.125,0.0,1.26,75.0,0.0,0.0,12.29448,0.0,17.5,-79.36348000000001,19.095788604459123,17.556,0.0
base,Игра + случайные ценные призы,14.0,97.72,19.544,24.5,0.0,1.68,100.0,0.0,0.0,17.285279999999997,0.0,17.5,-65.28927999999999,23.670427074939564,48.495999999999995,0.0
aggressive,Игра + случайные ценные призы,28.0,195.44,39.088,31.5,0.0,1.4000000000000001,150.0,0.0,0.0,26.47056,0.0,17.5,-53.01856,33.27373857767183,98.952,0.0
pessimistic,Новые партнёры: $2 first-paid + 10% recurring,1.0,5.74,0.5740000000000001,2.0,0.0,0.24,0.0,0.0,0.0,0.1287,0.0,0.0,2.7973000000000003,0.0,2.926,0.0
base,Новые партнёры: $2 first-paid + 10% recurring,4.0,22.96,2.2960000000000003,8.0,0.0,0.48,0.0,0.0,0.0,0.5148,0.0,0.0,11.669200000000002,0.0,12.184000000000001,0.0
aggressive,Новые партнёры: $2 first-paid + 10% recurring,8.0,45.92,4.5920000000000005,16.0,0.0,0.4,0.0,0.0,0.0,1.0296,0.0,0.0,23.898400000000006,0.0,24.928000000000004,0.0
pessimistic,Lifecycle/winback без скидки,4.0,18.0,0.0,0.0,0.0,0.96,0.0,0.0,0.0,0.0,0.0,0.0,17.04,0.0,9.04,0.0
base,Lifecycle/winback без скидки,10.0,45.0,0.0,0.0,0.0,1.2,0.0,0.0,0.0,0.0,0.0,0.0,43.8,0.0,23.799999999999997,0.0
aggressive,Lifecycle/winback без скидки,18.0,81.0,0.0,0.0,0.0,0.9,0.0,0.0,0.0,0.0,0.0,0.0,80.1,0.0,44.099999999999994,0.0
pessimistic,Внутренний баланс + 7 дней другу,6.3,43.974000000000004,8.7948,0.0,2.3127999999999997,1.512,0.0,30.16276666666666,10.0,0.263844,0.0,27.521666666666658,-9.072210666666662,8.232648284941122,21.0672,0.0
base,Внутренний баланс + 7 дней другу,14.0,97.72,19.544,0.0,1.3719999999999999,1.68,0.0,17.89316666666667,20.0,0.58632,0.0,13.760833333333334,36.64451333333333,6.657847165160231,48.495999999999995,0.0
aggressive,Внутренний баланс + 7 дней другу,24.5,171.01000000000002,34.202000000000005,0.0,0.6941666666666666,1.225,0.0,10.863708333333333,40.0,1.0260600000000002,0.0,6.798749999999999,82.99906500000003,8.764221171403154,86.58300000000003,0.0
pessimistic,Гибрид + сезонный Doodle Route,7.7,53.746,10.749200000000002,10.675,2.3912,1.8479999999999999,0.0,31.185233333333333,10.0,1.0712100000000002,0.0,36.27166666666666,-14.173843333333338,10.7417008434574,25.748800000000003,0.0
base,Гибрид + сезонный Doodle Route,17.5,122.15,24.430000000000003,13.125,1.47,2.1,20.0,19.171249999999997,20.0,2.8777500000000007,0.0,22.51083333333333,18.976,12.966810717372514,60.620000000000005,0.0
aggressive,Гибрид + сезонный Doodle Route,31.5,219.87,43.974000000000004,16.625,0.7758333333333334,1.5750000000000002,50.0,12.141791666666666,40.0,5.52995,0.0,15.54875,49.24842500000001,20.737511665602433,111.32100000000003,0.0
